,WORK,STATUS,PAYMENT STATUS,PRICE PER UNIT,QUANTITY,SALARY,DATE,HOW TO
,,,,#REF!,4,#REF!,1/02/2026,#REF!
_IamMo_,Runic Anvil,DONE,PAID,"$2.250,00",1,"$2.250,00",18/02/2026,
_IamMo_,Dub of Sugar Canes,DONE,PAID,"$125,00",4,"$500,00",28/02/2026,
,,,,#REF!,1,#REF!,13/02/2026,
,,,,#REF!,1,#REF!,13/02/2026,
,,,,#REF!,15,#REF!,18/02/2026,
,,,UNPAID,#REF!,1,#REF!,,
,,,UNPAID,#REF!,1,#REF!,,
,,,UNPAID,#REF!,1,#REF!,,
,,,UNPAID,#REF!,1,#REF!,,
,,,UNPAID,#REF!,1,#REF!,,
,,,UNPAID,#REF!,1,#REF!,,#REF!
,,,UNPAID,#REF!,1,#REF!,,#REF!
,,,UNPAID,#REF!,1,#REF!,,#REF!
,,,UNPAID,#REF!,1,#REF!,,#REF!
_IamMo_,Dub of Charcoal Blocks,DONE,PAID,"$500,00",4,"$2.000,00",1/02/2026,
,,,UNPAID,#REF!,1,#REF!,,
,,,UNPAID,#REF!,1,#REF!,,
,,,UNPAID,#REF!,1,#REF!,,
,,,UNPAID,#REF!,1,#REF!,,
_IamMo_,IFVs Tutorial (Student),DONE,UNPAID,"$1.000,00",1,"$1.000,00",27/02/2026,
_IamMo_,Tanks Tutorial (Student),DONE,UNPAID,"$1.000,00",1,"$1.000,00",27/02/2026,
Firstleak,Dub of Fuel,IN PROGRESS,UNPAID,"$16.000,00",3,"$48.000,00",20/02/2026,
,,,UNPAID,#REF!,1,#REF!,,
,,,UNPAID,#REF!,1,#REF!,,
,,,UNPAID,#REF!,1,#REF!,,
,,,UNPAID,#REF!,1,#REF!,,
,,,UNPAID,#REF!,1,#REF!,,
Firstleak,Dub of Fuel,DONE,PAID,"$16.000,00",1,"$16.000,00",13/02/2026,
,,,,#REF!,4,#REF!,1/02/2026,#REF!
,,,UNPAID,#REF!,1,#REF!,,
,,,UNPAID,#REF!,1,#REF!,,
Firstleak,Dub of Fuel,DONE,PAID,"$16.000,00",2,"$32.000,00",23/02/2026,
,,,UNPAID,#REF!,1,#REF!,,
,,,UNPAID,#REF!,1,#REF!,,
,,,UNPAID,#REF!,1,#REF!,,
,,,UNPAID,#REF!,1,#REF!,,
,,,UNPAID,#REF!,1,#REF!,,
,,,UNPAID,#REF!,1,#REF!,,
,,,UNPAID,#REF!,1,#REF!,,
,,,UNPAID,#REF!,1,#REF!,,
,,,,#REF!,1,#REF!,10/02/2026,
GidGalactic,Delivery Guardian (Movecraft),IN PROGRESS,UNPAID,"$1.250,00",2,"$2.500,00",28/02/2026,
GidGalactic,Delivery (Shipping outside town),DONE,PAID,"$3.000,00",6,"$18.000,00",16/02/2026,
Jarnogfc,Mining (6x6 hole) (1000 blocks way),DONE,PAID,"$25.000,00",1,"$25.000,00",01/03/2026,
Jarnogfc,Mining (6x6 hole) (100 blocks way),DONE,PAID,"$2.000,00",7,"$14.000,00",01/03/2026,#REF!
Jarnogfc,Mining (6x6 hole) (1000 blocks way),DONE,PAID,"$25.000,00",2,"$50.000,00",01/03/2026,
Jarnogfc,Mining (6x6 hole) (100 blocks way),DONE,PAID,"$2.000,00",7,"$14.000,00",01/03/2026,
,,,UNPAID,#REF!,1,#REF!,,
,,,UNPAID,#REF!,1,#REF!,,
,,,UNPAID,#REF!,1,#REF!,,
,,,UNPAID,#REF!,1,#REF!,,
,,,UNPAID,#REF!,1,#REF!,,
,,,UNPAID,#REF!,1,#REF!,,
Jarnogfc,Mining (6x6 hole) (100 blocks way),DONE,PAID,"$2.000,00",3,"$6.000,00",01/03/2026,
Jarnogfc,Mining (6x6 hole) (100 blocks way),DONE,PAID,"$2.000,00",5,"$10.000,00",01/03/2026,
Jarnogfc,Mining (6x6 hole) (1000 blocks way),DONE,PAID,"$25.000,00",1,"$25.000,00",01/03/2026,#REF!
Jarnogfc,Mining (6x6 hole) (1000 blocks way),DONE,PAID,"$25.000,00",1,"$25.000,00",01/03/2026,
Jarnogfc,Mining (6x6 hole) (100 blocks way),DONE,PAID,"$2.000,00",5,"$10.000,00",01/03/2026,
KingSloth11x,Stack of Diamond Blocks,DONE,PAID,"$1.500,00",54,"$81.000,00",11/02/2026,
Mr_dogg12367,Trucks (AAs) Tutorial (Student),DONE,UNPAID,"$400,00",1,"$400,00",27/02/2026,
Mr_dogg12367,Tanks Tutorial (Student),DONE,UNPAID,"$1.000,00",1,"$1.000,00",27/02/2026,
,,,,#REF!,4,#REF!,1/02/2026,#REF!
Mr_dogg12367,IFVs Tutorial (Student),DONE,UNPAID,"$1.000,00",1,"$1.000,00",27/02/2026,
Mr_dogg12367,Tanks Tutorial (Student),DONE,PAID,"$1.000,00",1,"$1.000,00",01/03/2026,
Mr_dogg12367,Cannons & Turrets Tutorial (Student),DONE,UNPAID,"$500,00",1,"$500,00",01/03/2026,
Mr_dogg12367,Delivery Guardian (Movecraft),DONE,PAID,#REF!,1,#REF!,01/03/2026,
ninehawtt,Delivery (Shipping outside town),IN PROGRESS,UNPAID,"$3.000,00",1,"$3.000,00",01/03/2026,
Ricola4325,Explosive Rune,IN PROGRESS,UNPAID,"$450,00",4,"$1.800,00",1/02/2026,https://youtu.be/6URLaqMBgdI
Ricola4325,Stack of Gunpowder,IN PROGRESS,UNPAID,"$15,00",270,"$4.050,00",5/02/2026,
Ricola4325,Dub of White Concrete,IN PROGRESS,UNPAID,"$500,00",15,"$7.500,00",5/02/2026,
Ricola4325,Dub of Terracotta,IN PROGRESS,UNPAID,"$1.250,00",10,"$12.500,00",5/02/2026,
Ricola4325,Delivery (Shipping outside town),IN PROGRESS,UNPAID,"$3.000,00",1,"$3.000,00",5/02/2026,
,,,UNPAID,#REF!,1,#REF!,,
Ricola4325,Dub of Gunpowder,IN PROGRESS,UNPAID,"$850,00",10,"$8.500,00",20/02/2026,
Ricola4325,Dub of magma,IN PROGRESS,UNPAID,"$3.000,00",24,"$72.000,00",28/02/2026,
Ricola4325,Dub of iron blocks,IN PROGRESS,UNPAID,"$5.000,00",2,"$10.000,00",28/02/2026,
Ricola4325,Dub of Copper Dust Blocks,DONE,UNPAID,"$2.000,00",2,"$4.000,00",28/02/2026,
,,,UNPAID,#REF!,1,#REF!,,
Ricola4325,Cannons & Turrets Tutorial (Teacher),DONE,PAID,"$1.500,00",1,"$1.500,00",01/03/2026,
Ricola4325,Delivery (Shipping outside town),DONE,PAID,#REF!,1,#REF!,01/03/2026,
,,,UNPAID,#REF!,1,#REF!,,#REF!
,,,UNPAID,#REF!,1,#REF!,,#REF!
,,,UNPAID,#REF!,1,#REF!,,#REF!
,,,UNPAID,#REF!,1,#REF!,,#REF!
,,,UNPAID,#REF!,1,#REF!,,#REF!
,,,UNPAID,#REF!,1,#REF!,,#REF!
,,,UNPAID,#REF!,1,#REF!,,#REF!
,,,,#REF!,1,#REF!,14/02/2026,
,,,UNPAID,#REF!,1,#REF!,,#REF!
,,,UNPAID,#REF!,1,#REF!,,#REF!
,,,UNPAID,#REF!,1,#REF!,,#REF!
,,,,#REF!,1,#REF!,14/02/2026,
,,,UNPAID,#REF!,1,#REF!,,#REF!
,,,UNPAID,#REF!,1,#REF!,,#REF!
,,,UNPAID,#REF!,1,#REF!,,#REF!
,,,UNPAID,#REF!,1,#REF!,,#REF!
,,,UNPAID,#REF!,1,#REF!,,#REF!
,,,,#REF!,1,#REF!,14/02/2026,
,,,,#REF!,1,#REF!,15/02/2026,
,,,,#REF!,4,#REF!,1/02/2026,#REF!
,,,UNPAID,#REF!,1,#REF!,,#REF!
,,,UNPAID,#REF!,1,#REF!,,#REF!
,,,UNPAID,#REF!,1,#REF!,,#REF!
,,,UNPAID,#REF!,1,#REF!,,#REF!
,,,UNPAID,#REF!,1,#REF!,,#REF!
,,,UNPAID,#REF!,1,#REF!,,#REF!
,,,UNPAID,#REF!,1,#REF!,,#REF!
,,,UNPAID,#REF!,1,#REF!,,#REF!
,,,,#REF!,4,#REF!,1/02/2026,#REF!
,,,,#REF!,4,#REF!,1/02/2026,#REF!
,,,,#REF!,4,#REF!,1/02/2026,#REF!
,,,,#REF!,1,#REF!,1/02/2026,#REF!
,,,,#REF!,1,#REF!,1/02/2026,#REF!
SharanSuri_YTG,Digging a chunk (30 layers),IN PROGRESS,UNPAID,"$1.250,00",4,"$5.000,00",1/02/2026,
,,,UNPAID,#REF!,1,#REF!,,#REF!
,,,UNPAID,#REF!,1,#REF!,,#REF!
,,,UNPAID,#REF!,1,#REF!,,#REF!
,,,UNPAID,#REF!,1,#REF!,,#REF!
,,,UNPAID,#REF!,1,#REF!,,#REF!
,,,UNPAID,#REF!,1,#REF!,,#REF!
,,,UNPAID,#REF!,1,#REF!,,#REF!
,,,UNPAID,#REF!,1,#REF!,,#REF!
,,,UNPAID,#REF!,1,#REF!,,#REF!
,,,UNPAID,#REF!,1,#REF!,,#REF!
,,,UNPAID,#REF!,1,#REF!,,#REF!
,,,UNPAID,#REF!,1,#REF!,,#REF!
,,,UNPAID,#REF!,1,#REF!,,#REF!
,,,UNPAID,#REF!,1,#REF!,,#REF!
,,,UNPAID,#REF!,1,#REF!,,#REF!
,,,UNPAID,#REF!,1,#REF!,,#REF!
,,,UNPAID,#REF!,1,#REF!,,#REF!
,,,UNPAID,#REF!,1,#REF!,,#REF!
,,,UNPAID,#REF!,1,#REF!,,#REF!
,,,UNPAID,#REF!,1,#REF!,,#REF!
,,,UNPAID,#REF!,1,#REF!,,#REF!
,,,UNPAID,#REF!,1,#REF!,,#REF!
,,,UNPAID,#REF!,1,#REF!,,#REF!
,,,UNPAID,#REF!,1,#REF!,,#REF!
,,,UNPAID,#REF!,1,#REF!,,#REF!
,,,UNPAID,#REF!,1,#REF!,,#REF!
,,,UNPAID,#REF!,1,#REF!,,#REF!
,,,UNPAID,#REF!,1,#REF!,,#REF!
,,,UNPAID,#REF!,1,#REF!,,#REF!
,,,UNPAID,#REF!,1,#REF!,,#REF!
,,,UNPAID,#REF!,1,#REF!,,#REF!
,,,UNPAID,#REF!,1,#REF!,,#REF!
,,,UNPAID,#REF!,1,#REF!,,#REF!
,,,UNPAID,#REF!,1,#REF!,,#REF!
,,,UNPAID,#REF!,1,#REF!,,#REF!
,,,UNPAID,#REF!,1,#REF!,,#REF!
,,,UNPAID,#REF!,1,#REF!,,#REF!
,,,UNPAID,#REF!,1,#REF!,,#REF!
,,,UNPAID,#REF!,1,#REF!,,#REF!
,,,UNPAID,#REF!,1,#REF!,,#REF!
,,,UNPAID,#REF!,1,#REF!,,#REF!
,,,UNPAID,#REF!,1,#REF!,,#REF!
,,,UNPAID,#REF!,1,#REF!,,#REF!
,,,UNPAID,#REF!,1,#REF!,,#REF!
,,,UNPAID,#REF!,1,#REF!,,#REF!
,,,UNPAID,#REF!,1,#REF!,,#REF!
,,,UNPAID,#REF!,1,#REF!,,#REF!
,,,UNPAID,#REF!,1,#REF!,,#REF!
,,,UNPAID,#REF!,1,#REF!,,#REF!
,,,UNPAID,#REF!,1,#REF!,,#REF!
,,,UNPAID,#REF!,1,#REF!,,#REF!
,,,UNPAID,#REF!,1,#REF!,,#REF!
,,,UNPAID,#REF!,1,#REF!,,
,,,UNPAID,#REF!,1,#REF!,,
,,,UNPAID,#REF!,1,#REF!,,
,,,UNPAID,#REF!,1,#REF!,,
,,,UNPAID,#REF!,1,#REF!,,
,,,UNPAID,#REF!,1,#REF!,,
,,,UNPAID,#REF!,1,#REF!,,#REF!
,,,UNPAID,#REF!,1,#REF!,,
,,,UNPAID,#REF!,1,#REF!,,
,,,UNPAID,#REF!,1,#REF!,,
SkyWolfBrunete,Dub of Redstone,IN PROGRESS,UNPAID,"$10.000,00",1,"$10.000,00",5/02/2026,
,,,UNPAID,#REF!,1,#REF!,,
,,,UNPAID,#REF!,1,#REF!,,
,,,UNPAID,#REF!,1,#REF!,,
,,,UNPAID,#REF!,1,#REF!,,
,,,UNPAID,#REF!,1,#REF!,,
,,,UNPAID,#REF!,1,#REF!,,
,,,UNPAID,#REF!,1,#REF!,,
,,,UNPAID,#REF!,1,#REF!,,
,,,UNPAID,#REF!,1,#REF!,,
,,,UNPAID,#REF!,1,#REF!,,
,,,UNPAID,#REF!,1,#REF!,,
,,,UNPAID,#REF!,1,#REF!,,
,,,UNPAID,#REF!,1,#REF!,,
SkyWolfBrunete,Energized Energy Capacitor,DONE,UNPAID,"$2.000,00",8,"$16.000,00",3/02/2026,
,,,UNPAID,#REF!,1,#REF!,,
,,,UNPAID,#REF!,1,#REF!,,
,,,UNPAID,#REF!,1,#REF!,,
SkyWolfBrunete,Electric Composter,DONE,UNPAID,"$500,00",10,"$5.000,00",3/02/2026,
SkyWolfBrunete,Molecular Reassambler,DONE,UNPAID,"$750,00",1,"$750,00",3/02/2026,
,,,UNPAID,#REF!,1,#REF!,,
SkyWolfBrunete,Autocrafter Enhanced,DONE,UNPAID,"$1.250,00",9,"$11.250,00",3/02/2026,
SkyWolfBrunete,Electric Ore Grinder 3,DONE,UNPAID,"$2.500,00",8,"$20.000,00",3/02/2026,
,,,,#REF!,1,#REF!,16/02/2026,
SkyWolfBrunete,Stack of Reinforced Alloy Ingot,DONE,UNPAID,"$2.000,00",2,"$4.000,00",3/02/2026,
That_FrenchGuy_,Igneous Processor,DONE,UNPAID,"$200,00",10,"$2.000,00",18/02/2026,
vincente2008,Dub of seeds,IN PROGRESS,UNPAID,"$250,00",4,"$1.000,00",28/02/2026,
vincente2008,Autocrafter Kitchen,DONE,UNPAID,"$1.250,00",1,"$1.250,00",3/02/2026,
vincente2008,Auto Drier 2,DONE,UNPAID,"$40,00",32,"$1.280,00",16/02/2026,
vincente2008,Fluid Pump,DONE,UNPAID,"$300,00",10,"$3.000,00",18/02/2026,
vincente2008,Electric Ingot Pulverizer,DONE,UNPAID,"$250,00",2,"$500,00",18/02/2026,
vincente2008,Electric Press 2,DONE,UNPAID,"$100,00",2,"$200,00",18/02/2026,
vincente2008,Refinery,DONE,UNPAID,"$200,00",5,"$1.000,00",18/02/2026,
,,,UNPAID,#REF!,1,#REF!,,#REF!
vincente2008,Freezer 3,DONE,UNPAID,"$350,00",2,"$700,00",18/02/2026,
vincente2008,Carbon Press 3,DONE,UNPAID,"$500,00",2,"$1.000,00",18/02/2026,
vincente2008,Dye Extractor 2,DONE,UNPAID,"$175,00",2,"$350,00",18/02/2026,
vincente2008,Autocrafter Vanilla,DONE,UNPAID,"$1.000,00",4,"$4.000,00",18/02/2026,
vincente2008,Electric Composter,DONE,UNPAID,"$500,00",10,"$5.000,00",18/02/2026,
vincente2008,Electrified Crucible 3,DONE,UNPAID,"$400,00",2,"$800,00",18/02/2026,
vincente2008,Heated Pressure Chamber 2,DONE,UNPAID,"$450,00",2,"$900,00",18/02/2026,
vincente2008,Book Binder,DONE,UNPAID,"$50,00",1,"$50,00",18/02/2026,
vincente2008,BAR M1918 GUN,DONE,UNPAID,"$30,00",64,"$1.920,00",20/02/2026,
,,,UNPAID,#REF!,1,#REF!,,
,,,UNPAID,#REF!,1,#REF!,,
vincente2008,Mannlincher GUN,DONE,UNPAID,"$35,00",64,"$2.240,00",20/02/2026,
vincente2008,MP 18 GUN,DONE,UNPAID,"$100,00",64,"$6.400,00",20/02/2026,
vincente2008,Mosin Nagant M44,DONE,UNPAID,"$35,00",64,"$2.240,00",20/02/2026,
vincente2008,Carcano M91 GUN,DONE,UNPAID,"$35,00",64,"$2.240,00",20/02/2026,
vincente2008,Chauchat GUN,DONE,UNPAID,"$50,00",64,"$3.200,00",20/02/2026,
,,,UNPAID,#REF!,1,#REF!,,
vincente2008,Shield (Unbreaking 3),DONE,UNPAID,"$250,00",54,"$13.500,00",20/02/2026,
vincente2008,Dub of Tripwire Hooks,DONE,UNPAID,"$300,00","0,5","$150,00",20/02/2026,
vincente2008,Dub of Shells,DONE,UNPAID,"$1.000,00",3,"$3.000,00",20/02/2026,
vincente2008,IFVs Tutorial (Teacher),DONE,UNPAID,"$2.500,00",1,"$2.500,00",27/02/2026,
vincente2008,Tanks Tutorial (Teacher),DONE,UNPAID,"$3.000,00",1,"$3.000,00",27/02/2026,
vincente2008,Trucks (AAs) Tutorial (Teacher),DONE,UNPAID,"$1.250,00",1,"$1.250,00",27/02/2026,
vincente2008,IFVs Tutorial (Teacher),DONE,UNPAID,"$2.500,00",1,"$2.500,00",27/02/2026,
vincente2008,Tanks Tutorial (Teacher),DONE,UNPAID,"$3.000,00",1,"$3.000,00",27/02/2026,
vincente2008,Cannons & Turrets Tutorial (Student),DONE,UNPAID,"$500,00",1,"$500,00",01/03/2026,
vincente2008,Mining (6x6 hole) (1000 blocks way),DONE,PAID,"$25.000,00",1,"$25.000,00",01/03/2026,
vincente2008,Mining (6x6 hole) (100 blocks way),DONE,PAID,"$2.000,00",7,"$14.000,00",01/03/2026,
vincente2008,Mining (6x6 hole) (100 blocks way),DONE,PAID,"$2.000,00",3,"$6.000,00",01/03/2026,
vincente2008,Mining (6x6 hole) (100 blocks way),DONE,PAID,"$2.000,00",5,"$10.000,00",01/03/2026,
vincente2008,Mining (6x6 hole) (100 blocks way),DONE,PAID,"$2.000,00",4,"$8.000,00",01/03/2026,
vincente2008,Mining (6x6 hole) (100 blocks way),DONE,PAID,"$2.000,00",4,"$8.000,00",01/03/2026,
vincente2008,Mining (6x6 hole) (100 blocks way),DONE,PAID,"$2.000,00",5,"$10.000,00",01/03/2026,
,Digging a chunk (30 layers),PENDING,UNPAID,"$1.250,00",4,"$5.000,00",1/02/2026,
,Digging a chunk (30 layers),PENDING,UNPAID,"$1.250,00",4,"$5.000,00",1/02/2026,
,Digging a chunk (30 layers),PENDING,UNPAID,"$1.250,00",4,"$5.000,00",1/02/2026,
,Digging a chunk (30 layers),PENDING,UNPAID,"$1.250,00",4,"$5.000,00",1/02/2026,
,Fluid Pump,PENDING,UNPAID,"$300,00",32,"$9.600,00",4/02/2026,
,Molecular Reassambler,PENDING,UNPAID,"$750,00",18,"$13.500,00",16/02/2026,
,Dub of AP Shells,PENDING,UNPAID,"$1.500,00",6,"$9.000,00",20/02/2026,
,Dub of Glowstone,PENDING,UNPAID,"$3.000,00",5,"$15.000,00",20/02/2026,
,Dub of Ice,PENDING,UNPAID,"$1.000,00",5,"$5.000,00",20/02/2026,
,Stack of BAR Magazine (BAR M1918 ammo),PENDING,UNPAID,"$40,00",54,"$2.160,00",20/02/2026,
,Stack of MP 18 Magazine (MP 18 ammo),PENDING,UNPAID,"$50,00",54,"$2.700,00",20/02/2026,
,Stack of .30-06 Springfield (Springfield & M1 Garand ammo),PENDING,UNPAID,"$10,00",54,"$540,00",20/02/2026,
,Stack of Chauchat Magazine (Chauchat ammo),PENDING,UNPAID,"$40,00",54,"$2.160,00",20/02/2026,
,"Stack of 7.92x57mm Mauser (Gewehr 98, Mannlincher & Carcano M91 ammo)",PENDING,UNPAID,"$10,00",108,"$1.080,00",20/02/2026,
,Dub of Nether wart,PENDING,UNPAID,"$600,00",2,"$1.200,00",28/02/2026,
,Dub of Carrots,PENDING,UNPAID,"$500,00",4,"$2.000,00",28/02/2026,
,Dub of Potatoes,PENDING,UNPAID,"$500,00",4,"$2.000,00",28/02/2026,
,Dub of Beetroot,PENDING,UNPAID,"$100,00",4,"$400,00",28/02/2026,
,Dub of White Wool,PENDING,UNPAID,"$3.000,00",16,"$48.000,00",28/02/2026,
,Dub of Tin Dust Blocks,PENDING,UNPAID,"$1.000,00",4,"$4.000,00",28/02/2026,
,Dub of Gold Dust Blocks,PENDING,UNPAID,"$2.500,00",4,"$10.000,00",28/02/2026,
,Stack of Silver Dust Blocks,PENDING,UNPAID,"$3.450,00",216,"$745.200,00",28/02/2026,
,Dub of Lead Dust Blocks,PENDING,UNPAID,"$500,00",4,"$2.000,00",28/02/2026,
,Dub of Zinc Dust Blocks,PENDING,UNPAID,"$500,00",4,"$2.000,00",28/02/2026,
,Dub of Iron Dust Blocks,PENDING,UNPAID,"$5.000,00",4,"$20.000,00",28/02/2026,
,Dub of Copper Dust Blocks,PENDING,UNPAID,"$2.000,00",4,"$8.000,00",28/02/2026,
,Stack of Diamond Blocks,PENDING,UNPAID,"$1.500,00",108,"$162.000,00",28/02/2026,
,Dub of Redstone,PENDING,UNPAID,"$10.000,00",5,"$50.000,00",28/02/2026,
,Dub of Fuel,PENDING,UNPAID,"$16.000,00",4,"$64.000,00",28/02/2026,
,Nether Star,PENDING,UNPAID,"$350,00",128,"$44.800,00",28/02/2026,
,Stack of Uranium,PENDING,UNPAID,"$640,00",54,"$34.560,00",28/02/2026,
,Dub of apples,PENDING,UNPAID,"$2.500,00",4,"$10.000,00",28/02/2026,
,Dub of sweet berries,PENDING,UNPAID,"$500,00",4,"$2.000,00",28/02/2026,
,Dub of dried kelp,PENDING,UNPAID,"$2.764,80",4,"$11.059,20",28/02/2026,
,Dub of wheat,PENDING,UNPAID,"$1.000,00",4,"$4.000,00",28/02/2026,
,Dub of cocoa beans,PENDING,UNPAID,"$100,00",4,"$400,00",28/02/2026,
,Dub of slime balls,PENDING,UNPAID,"$3.500,00",8,"$28.000,00",28/02/2026,
,Dub of string,PENDING,UNPAID,"$216,00",5,"$1.080,00",28/02/2026,
,Dub of lapis blocks,PENDING,UNPAID,"$1.100,00",3,"$3.300,00",28/02/2026,
,Igneous Processor,PENDING,UNPAID,"$200,00",64,"$12.800,00",28/02/2026,
,Carbonado Edged Furnace,PENDING,UNPAID,"$1.250,00",8,"$10.000,00",14/02/2026,
,Carbonado Edged Furnace,PENDING,UNPAID,"$1.250,00",8,"$10.000,00",18/02/2026,
,,,,#REF!,1,#REF!,25/02/2026,
,,,UNPAID,#REF!,3,#REF!,,
,,,UNPAID,#REF!,3,#REF!,,
,,,UNPAID,#REF!,3,#REF!,,
,,,UNPAID,#REF!,3,#REF!,,
,,,UNPAID,#REF!,3,#REF!,,
,,,UNPAID,#REF!,3,#REF!,,
,,,UNPAID,#REF!,3,#REF!,,
,,,,#REF!,3,#REF!,,
,,,,#REF!,3,#REF!,,
,,,,#REF!,3,#REF!,,
,,,,#REF!,3,#REF!,,
,,,,#REF!,3,#REF!,,
,,,,#REF!,3,#REF!,,
,,,,#REF!,3,#REF!,,
,,,,#REF!,3,#REF!,,
,,,,#REF!,3,#REF!,,
,,,,#REF!,3,#REF!,,
,,,,#REF!,3,#REF!,,
,,,,#REF!,3,#REF!,,
,,,,#REF!,3,#REF!,,
,,,,#REF!,3,#REF!,,
,,,,#REF!,3,#REF!,,
,,,,#REF!,3,#REF!,,
,,,,#REF!,3,#REF!,,
,,,,#REF!,3,#REF!,,
,,,,#REF!,3,#REF!,,
,,,,#REF!,3,#REF!,,
,,,,#REF!,3,#REF!,,
,,,,#REF!,3,#REF!,,
,,,,#REF!,3,#REF!,,
,,,,#REF!,3,#REF!,,
,,,,#REF!,3,#REF!,,
,,,,#REF!,3,#REF!,,
,,,,#REF!,3,#REF!,,
,,,,#REF!,3,#REF!,,
,,,,#REF!,3,#REF!,,
,,,,#REF!,3,#REF!,,
,,,,#REF!,3,#REF!,,
,,,,#REF!,3,#REF!,,
,,,,#REF!,3,#REF!,,
,,,,#REF!,3,#REF!,,
,,,,#REF!,3,#REF!,,
,,,,#REF!,3,#REF!,,
,,,,#REF!,3,#REF!,,
,,,,#REF!,3,#REF!,,
,,,,#REF!,3,#REF!,,
,,,,#REF!,3,#REF!,,
,,,,#REF!,3,#REF!,,
,,,,#REF!,3,#REF!,,
,,,,#REF!,3,#REF!,,
,,,,#REF!,3,#REF!,,
,,,,#REF!,3,#REF!,,
,,,,#REF!,3,#REF!,,
,,,,#REF!,3,#REF!,,
,,,,#REF!,3,#REF!,,
,,,,#REF!,3,#REF!,,
,,,,#REF!,3,#REF!,,
,,,,#REF!,3,#REF!,,
,,,,#REF!,3,#REF!,,
,,,,#REF!,3,#REF!,,
,,,,#REF!,3,#REF!,,
,,,,#REF!,3,#REF!,,
,,,,#REF!,3,#REF!,,
,,,,#REF!,3,#REF!,,
,,,,#REF!,3,#REF!,,
,,,,#REF!,3,#REF!,,
,,,,#REF!,3,#REF!,,
,,,,#REF!,3,#REF!,,
,,,,#REF!,3,#REF!,,
,,,,#REF!,3,#REF!,,
,,,,#REF!,3,#REF!,,
,,,,#REF!,3,#REF!,,
,,,,#REF!,3,#REF!,,
,,,,#REF!,3,#REF!,,
,,,,#REF!,3,#REF!,,
,,,,#REF!,3,#REF!,,
,,,,#REF!,3,#REF!,,
,,,,#REF!,3,#REF!,,
,,,,#REF!,3,#REF!,,
,,,,#REF!,3,#REF!,,
,,,,#REF!,3,#REF!,,
,,,,#REF!,3,#REF!,,
,,,,#REF!,3,#REF!,,
,,,,,,,,
,,,,,,,,
,,,,,,,,
,,,,,,,,
,,,,,,,,
,,,,,,,,
,,,,,,,,
,,,,,,,,
,,,,,,,,
,,,,,,,,
,,,,,,,,
,,,,,,,,
,,,,,,,,
,,,,,,,,
,,,,,,,,
,,,,,,,,
,,,,,,,,
,,,,,,,,
,,,,,,,,
,,,,,,,,
,,,,,,,,
,,,,,,,,
,,,,,,,,
,,,,,,,,
,,,,,,,,
,,,,,,,,
,,,,,,,,
,,,,,,,,
,,,,,,,,
,,,,,,,,
,,,,,,,,
,,,,,,,,
,,,,,,,,
,,,,,,,,
,,,,,,,,
,,,,,,,,
,,,,,,,,
,,,,,,,,
,,,,,,,,
,,,,,,,,
,,,,,,,,
,,,,,,,,
,,,,,,,,
,,,,,,,,
,,,,,,,,
,,,,,,,,
,,,,,,,,
,,,,,,,,
,,,,,,,,
,,,,,,,,
,,,,,,,,
,,,,,,,,
,,,,,,,,
,,,,,,,,
,,,,,,,,
,,,,,,,,
,,,,,,,,
,,,,,,,,
,,,,,,,,
,,,,,,,,
,,,,,,,,
,,,,,,,,
,,,,,,,,
,,,,,,,,
,,,,,,,,
,,,,,,,,
,,,,,,,,
,,,,,,,,
,,,,,,,,
,,,,,,,,
,,,,,,,,
,,,,,,,,
,,,,,,,,
,,,,,,,,
,,,,,,,,
,,,,,,,,
,,,,,,,,
,,,,,,,,
,,,,,,,,
,,,,,,,,
,,,,,,,,
,,,,,,,,
,,,,,,,,
,,,,,,,,
,,,,,,,,
,,,,,,,,
,,,,,,,,
,,,,,,,,
,,,,,,,,
,,,,,,,,
,,,,,,,,
,,,,,,,,
,,,,,,,,
,,,,,,,,
,,,,,,,,
,,,,,,,,
,,,,,,,,
,,,,,,,,
,,,,,,,,
,,,,,,,,
,,,,,,,,
,,,,,,,,
,,,,,,,,
,,,,,,,,
,,,,,,,,
,,,,,,,,
,,,,,,,,
,,,,,,,,
,,,,,,,,
,,,,,,,,
,,,,,,,,
,,,,,,,,
,,,,,,,,
,,,,,,,,
,,,,,,,,
,,,,,,,,
,,,,,,,,
,,,,,,,,
,,,,,,,,
,,,,,,,,
,,,,,,,,
,,,,,,,,
,,,,,,,,
,,,,,,,,
,,,,,,,,
,,,,,,,,
,,,,,,,,
,,,,,,,,
,,,,,,,,
,,,,,,,,
,,,,,,,,
,,,,,,,,
,,,,,,,,
,,,,,,,,
,,,,,,,,
,,,,,,,,
,,,,,,,,
,,,,,,,,
,,,,,,,,
,,,,,,,,
,,,,,,,,
,,,,,,,,
,,,,,,,,
,,,,,,,,
,,,,,,,,
,,,,,,,,
,,,,,,,,
,,,,,,,,
,,,,,,,,
,,,,,,,,
,,,,,,,,
,,,,,,,,
,,,,,,,,
,,,,,,,,
,,,,,,,,
,,,,,,,,
,,,,,,,,
,,,,,,,,
,,,,,,,,
,,,,,,,,
,,,,,,,,
,,,,,,,,
,,,,,,,,
,,,,,,,,
,,,,,,,,
,,,,,,,,
,,,,,,,,
,,,,,,,,
,,,,,,,,
,,,,,,,,
,,,,,,,,
,,,,,,,,
,,,,,,,,
,,,,,,,,
,,,,,,,,
,,,,,,,,
,,,,,,,,
,,,,,,,,
,,,,,,,,
,,,,,,,,
,,,,,,,,
,,,,,,,,
,,,,,,,,
,,,,,,,,
,,,,,,,,
,,,,,,,,
,,,,,,,,
,,,,,,,,
,,,,,,,,
,,,,,,,,
,,,,,,,,
,,,,,,,,
,,,,,,,,
,,,,,,,,
,,,,,,,,
,,,,,,,,
,,,,,,,,
,,,,,,,,
,,,,,,,,
,,,,,,,,
,,,,,,,,
,,,,,,,,
,,,,,,,,
,,,,,,,,
,,,,,,,,
,,,,,,,,
,,,,,,,,
,,,,,,,,
,,,,,,,,
,,,,,,,,
,,,,,,,,
,,,,,,,,
,,,,,,,,
,,,,,,,,
,,,,,,,,
,,,,,,,,
,,,,,,,,
,,,,,,,,
,,,,,,,,
,,,,,,,,
,,,,,,,,
,,,,,,,,
,,,,,,,,
,,,,,,,,
,,,,,,,,
,,,,,,,,
,,,,,,,,
,,,,,,,,
,,,,,,,,
,,,,,,,,
,,,,,,,,
,,,,,,,,
,,,,,,,,
,,,,,,,,
,,,,,,,,
,,,,,,,,
,,,,,,,,
,,,,,,,,
,,,,,,,,
,,,,,,,,
,,,,,,,,
,,,,,,,,
,,,,,,,,
,,,,,,,,
,,,,,,,,
,,,,,,,,
,,,,,,,,
,,,,,,,,
,,,,,,,,
,,,,,,,,
,,,,,,,,
,,,,,,,,
,,,,,,,,
,,,,,,,,
,,,,,,,,
,,,,,,,,
,,,,,,,,
,,,,,,,,
,,,,,,,,
,,,,,,,,
,,,,,,,,
,,,,,,,,
,,,,,,,,
,,,,,,,,
,,,,,,,,
,,,,,,,,
,,,,,,,,
,,,,,,,,
,,,,,,,,
,,,,,,,,
,,,,,,,,
,,,,,,,,
,,,,,,,,
,,,,,,,,
,,,,,,,,
,,,,,,,,
,,,,,,,,
,,,,,,,,
,,,,,,,,
,,,,,,,,
,,,,,,,,
,,,,,,,,
,,,,,,,,
,,,,,,,,
,,,,,,,,
,,,,,,,,
,,,,,,,,
,,,,,,,,
,,,,,,,,
,,,,,,,,
,,,,,,,,
,,,,,,,,
,,,,,,,,
,,,,,,,,
,,,,,,,,
,,,,,,,,
,,,,,,,,
,,,,,,,,
,,,,,,,,
,,,,,,,,
,,,,,,,,
,,,,,,,,
,,,,,,,,
,,,,,,,,
,,,,,,,,
,,,,,,,,
,,,,,,,,
,,,,,,,,
,,,,,,,,
,,,,,,,,
,,,,,,,,
,,,,,,,,
,,,,,,,,
,,,,,,,,
,,,,,,,,
,,,,,,,,
,,,,,,,,
,,,,,,,,
,,,,,,,,
,,,,,,,,
,,,,,,,,
,,,,,,,,
,,,,,,,,
,,,,,,,,
,,,,,,,,
,,,,,,,,
,,,,,,,,
,,,,,,,,
,,,,,,,,
,,,,,,,,
,,,,,,,,
,,,,,,,,
,,,,,,,,
,,,,,,,,
,,,,,,,,
,,,,,,,,
,,,,,,,,
,,,,,,,,
,,,,,,,,
,,,,,,,,
,,,,,,,,
,,,,,,,,
,,,,,,,,
,,,,,,,,
,,,,,,,,
,,,,,,,,
,,,,,,,,
,,,,,,,,
,,,,,,,,
,,,,,,,,
,,,,,,,,
,,,,,,,,
,,,,,,,,
,,,,,,,,
,,,,,,,,
,,,,,,,,
,,,,,,,,
,,,,,,,,
,,,,,,,,
,,,,,,,,
,,,,,,,,
,,,,,,,,
,,,,,,,,
,,,,,,,,
,,,,,,,,
,,,,,,,,
,,,,,,,,
,,,,,,,,
,,,,,,,,
,,,,,,,,
,,,,,,,,
,,,,,,,,
,,,,,,,,
,,,,,,,,
,,,,,,,,
,,,,,,,,
,,,,,,,,
,,,,,,,,
,,,,,,,,
,,,,,,,,
,,,,,,,,
,,,,,,,,
,,,,,,,,
,,,,,,,,
,,,,,,,,
,,,,,,,,
,,,,,,,,
,,,,,,,,
,,,,,,,,
,,,,,,,,
,,,,,,,,
,,,,,,,,
,,,,,,,,
,,,,,,,,
,,,,,,,,
,,,,,,,,
,,,,,,,,
,,,,,,,,
,,,,,,,,
,,,,,,,,
,,,,,,,,
,,,,,,,,
,,,,,,,,
,,,,,,,,
,,,,,,,,
,,,,,,,,
,,,,,,,,
,,,,,,,,
,,,,,,,,
,,,,,,,,
,,,,,,,,
,,,,,,,,
,,,,,,,,
,,,,,,,,
,,,,,,,,
,,,,,,,,
,,,,,,,,
,,,,,,,,
,,,,,,,,
,,,,,,,,
,,,,,,,,
,,,,,,,,
,,,,,,,,
,,,,,,,,
,,,,,,,,
,,,,,,,,
,,,,,,,,
,,,,,,,,
,,,,,,,,
,,,,,,,,
,,,,,,,,
,,,,,,,,
,,,,,,,,
,,,,,,,,
,,,,,,,,
,,,,,,,,
,,,,,,,,
,,,,,,,,
,,,,,,,,
,,,,,,,,
,,,,,,,,
,,,,,,,,
,,,,,,,,
,,,,,,,,
,,,,,,,,
,,,,,,,,
,,,,,,,,
,,,,,,,,
,,,,,,,,
,,,,,,,,
,,,,,,,,
,,,,,,,,
,,,,,,,,
,,,,,,,,
,,,,,,,,
,,,,,,,,
,,,,,,,,
,,,,,,,,
,,,,,,,,
,,,,,,,,
,,,,,,,,
,,,,,,,,
,,,,,,,,
,,,,,,,,
,,,,,,,,
,,,,,,,,
,,,,,,,,
,,,,,,,,
,,,,,,,,
,,,,,,,,
,,,,,,,,
,,,,,,,,
,,,,,,,,
,,,,,,,,
,,,,,,,,
,,,,,,,,
,,,,,,,,
,,,,,,,,
,,,,,,,,
,,,,,,,,
,,,,,,,,
,,,,,,,,
,,,,,,,,
,,,,,,,,
,,,,,,,,
,,,,,,,,
,,,,,,,,
,,,,,,,,
,,,,,,,,
,,,,,,,,
,,,,,,,,
,,,,,,,,
,,,,,,,,
,,,,,,,,
,,,,,,,,
,,,,,,,,
,,,,,,,,
,,,,,,,,
,,,,,,,,
,,,,,,,,
,,,,,,,,
,,,,,,,,
,,,,,,,,
,,,,,,,,
,,,,,,,,
,,,,,,,,
,,,,,,,,
,,,,,,,,
,,,,,,,,
,,,,,,,,
,,,,,,,,
,,,,,,,,
,,,,,,,,
,,,,,,,,
,,,,,,,,
,,,,,,,,
,,,,,,,,
,,,,,,,,
,,,,,,,,
,,,,,,,,
,,,,,,,,
,,,,,,,,
,,,,,,,,
,,,,,,,,
,,,,,,,,
,,,,,,,,
,,,,,,,,
,,,,,,,,
,,,,,,,,
,,,,,,,,
,,,,,,,,
,,,,,,,,
,,,,,,,,
,,,,,,,,
,,,,,,,,
,,,,,,,,
,,,,,,,,
,,,,,,,,
,,,,,,,,
,,,,,,,,
,,,,,,,,
,,,,,,,,
,,,,,,,,
,,,,,,,,
,,,,,,,,
,,,,,,,,
,,,,,,,,
,,,,,,,,
,,,,,,,,
,,,,,,,,
,,,,,,,,
,,,,,,,,
,,,,,,,,
,,,,,,,,
,,,,,,,,
,,,,,,,,
,,,,,,,,
,,,,,,,,
,,,,,,,,
,,,,,,,,
,,,,,,,,
,,,,,,,,
,,,,,,,,
,,,,,,,,
,,,,,,,,
,,,,,,,,
,,,,,,,,
,,,,,,,,
,,,,,,,,
,,,,,,,,
,,,,,,,,
,,,,,,,,
,,,,,,,,
,,,,,,,,
,,,,,,,,
,,,,,,,,
,,,,,,,,
,,,,,,,,
,,,,,,,,
,,,,,,,,
,,,,,,,,
,,,,,,,,
,,,,,,,,
,,,,,,,,
,,,,,,,,
,,,,,,,,
,,,,,,,,
,,,,,,,,
,,,,,,,,
,,,,,,,,
,,,,,,,,
,,,,,,,,
,,,,,,,,
,,,,,,,,
,,,,,,,,
,,,,,,,,
,,,,,,,,
,,,,,,,,
,,,,,,,,
,,,,,,,,
,,,,,,,,
,,,,,,,,
,,,,,,,,
,,,,,,,,
,,,,,,,,
,,,,,,,,
,,,,,,,,
,,,,,,,,
,,,,,,,,
,,,,,,,,
,,,,,,,,
,,,,,,,,
,,,,,,,,
,,,,,,,,
,,,,,,,,
,,,,,,,,
,,,,,,,,
,,,,,,,,
,,,,,,,,
,,,,,,,,
,,,,,,,,
,,,,,,,,
,,,,,,,,
,,,,,,,,
,,,,,,,,
,,,,,,,,
,,,UNPAID,#REF!,1,#REF!,#REF!,
** IMPORT **,Dub of magma,DONE,PAID,"$3.000,00",12,"$36.000,00",2/03/2026,
vincente2008,Autocrafter Enhanced,DONE,PAID,"$1.250,00",1,"$1.250,00",4/03/2026,
vincente2008,Delivery (Shipping outside town),DONE,PAID,"$3.000,00",1,"$3.000,00",4/03/2026,
Ricola4325,Dub of Iron Dust Blocks,DONE,PAID,"$5.000,00",7,"$35.000,00",4/03/2026,
Ricola4325,Auto Anvil 2,DONE,PAID,"$250,00",64,"$16.000,00",5/03/2026,
ddasexypotatoo,Delivery (Shipping outside town),DONE,PAID,"$3.000,00",1,"$3.000,00",5/03/2026,
ddasexypotatoo,Dub of Duct Tapes,DONE,PAID,"$8.000,00",5,"$40.000,00",5/03/2026,
Firstleak,Participating in a Siege Battle Session (Artillery Team),DONE,PAID,"$2.000,00",1,"$2.000,00",7/03/2026,
Ricola4325,Participating in a Siege Battle Session (Artillery Team),DONE,PAID,"$2.000,00",1,"$2.000,00",7/03/2026,
Lobeznonel,Participating in a Siege Battle Session (Artillery Team),DONE,PAID,"$2.000,00",1,"$2.000,00",7/03/2026,
Mey45,Participating in a Siege Battle Session (Infantry Team),DONE,PAID,"$5.000,00",1,"$5.000,00",7/03/2026,
vincente2008,Participating in a Siege Battle Session (Artillery Team),DONE,PAID,"$2.000,00",1,"$2.000,00",7/03/2026,
,Dub of Nether wart,PENDING,UNPAID,"$600,00",2,"$1.200,00",7/03/2026,
,Dub of Fuel,PENDING,UNPAID,"$16.000,00",4,"$64.000,00",7/03/2026,
,Dub of Fuel,PENDING,UNPAID,"$16.000,00",5,"$80.000,00",7/03/2026,
Ricola4325,Participating in a Siege Battle Session (Movecraft Team),DONE,PAID,"$3.500,00",1,"$3.500,00",7/03/2026,
Firstleak,Participating in a Siege Battle Session (Infantry Team),DONE,PAID,"$5.000,00",1,"$5.000,00",7/03/2026,
Mey45,Participating in a Siege Battle Session (Infantry Team),DONE,PAID,"$5.000,00",1,"$5.000,00",7/03/2026,
vincente2008,Ships Tutorial (Teacher),DONE,PAID,"$2.000,00",1,"$2.000,00",8/03/2026,
Bandit_love,Ships Tutorial (Student),DONE,PAID,"$750,00",1,"$750,00",8/03/2026,
,,PENDING,UNPAID,#REF!,1,#REF!,#REF!,
,,PENDING,UNPAID,#REF!,1,#REF!,#REF!,
,,PENDING,UNPAID,#REF!,1,#REF!,#REF!,
,,PENDING,UNPAID,#REF!,1,#REF!,#REF!,
,,PENDING,UNPAID,#REF!,1,#REF!,#REF!,
,,PENDING,UNPAID,#REF!,1,#REF!,#REF!,
,,PENDING,UNPAID,#REF!,1,#REF!,#REF!,
,,PENDING,UNPAID,#REF!,1,#REF!,#REF!,
,,PENDING,UNPAID,#REF!,1,#REF!,#REF!,
,,PENDING,UNPAID,#REF!,1,#REF!,#REF!,
,,PENDING,UNPAID,#REF!,1,#REF!,#REF!,
,,PENDING,UNPAID,#REF!,1,#REF!,#REF!,
,,PENDING,UNPAID,#REF!,1,#REF!,#REF!,
,,PENDING,UNPAID,#REF!,1,#REF!,#REF!,
,,PENDING,UNPAID,#REF!,1,#REF!,#REF!,
,,PENDING,UNPAID,#REF!,1,#REF!,#REF!,
,,PENDING,UNPAID,#REF!,1,#REF!,#REF!,
,,PENDING,UNPAID,#REF!,1,#REF!,#REF!,
,,PENDING,UNPAID,#REF!,1,#REF!,#REF!,
,,PENDING,UNPAID,#REF!,1,#REF!,#REF!,
,,PENDING,UNPAID,#REF!,1,#REF!,#REF!,
,,PENDING,UNPAID,#REF!,1,#REF!,#REF!,
,,PENDING,UNPAID,#REF!,1,#REF!,#REF!,
,,PENDING,UNPAID,#REF!,1,#REF!,#REF!,
,,PENDING,UNPAID,#REF!,1,#REF!,#REF!,
,,PENDING,UNPAID,#REF!,1,#REF!,#REF!,
,,PENDING,UNPAID,#REF!,1,#REF!,#REF!,
,,PENDING,UNPAID,#REF!,1,#REF!,#REF!,
,,PENDING,UNPAID,#REF!,1,#REF!,#REF!,
,,PENDING,UNPAID,#REF!,1,#REF!,#REF!,
,,PENDING,UNPAID,#REF!,1,#REF!,#REF!,
,,PENDING,UNPAID,#REF!,1,#REF!,#REF!,
,,PENDING,UNPAID,#REF!,1,#REF!,#REF!,
,,PENDING,UNPAID,#REF!,1,#REF!,#REF!,
,,PENDING,UNPAID,#REF!,1,#REF!,#REF!,
,,PENDING,UNPAID,#REF!,1,#REF!,#REF!,
,,PENDING,UNPAID,#REF!,1,#REF!,#REF!,
,,PENDING,UNPAID,#REF!,1,#REF!,#REF!,
,,PENDING,UNPAID,#REF!,1,#REF!,#REF!,
,,,UNPAID,#REF!,1,#REF!,#REF!,
,,,UNPAID,#REF!,1,#REF!,#REF!,
,,,UNPAID,#REF!,1,#REF!,#REF!,
,,,UNPAID,#REF!,1,#REF!,#REF!,
,,,UNPAID,#REF!,1,#REF!,#REF!,
,,,UNPAID,#REF!,1,#REF!,#REF!,
,,,UNPAID,#REF!,1,#REF!,#REF!,
,,,UNPAID,#REF!,1,#REF!,#REF!,
,,,UNPAID,#REF!,1,#REF!,#REF!,
,,,UNPAID,#REF!,1,#REF!,#REF!,
,,,UNPAID,#REF!,1,#REF!,#REF!,
,,,UNPAID,#REF!,1,#REF!,#REF!,
,,,UNPAID,#REF!,1,#REF!,#REF!,
,,,UNPAID,#REF!,1,#REF!,#REF!,
,,,UNPAID,#REF!,1,#REF!,#REF!,
,,,UNPAID,#REF!,1,#REF!,#REF!,
,,,UNPAID,#REF!,1,#REF!,#REF!,
,,,UNPAID,#REF!,1,#REF!,#REF!,
,,,UNPAID,#REF!,1,#REF!,#REF!,
,,,UNPAID,#REF!,1,#REF!,#REF!,
,,,UNPAID,#REF!,1,#REF!,#REF!,
,,,UNPAID,#REF!,1,#REF!,#REF!,
,,,UNPAID,#REF!,1,#REF!,#REF!,
,,,UNPAID,#REF!,1,#REF!,#REF!,
,,,UNPAID,#REF!,1,#REF!,#REF!,
,,,UNPAID,#REF!,1,#REF!,#REF!,
,,,UNPAID,#REF!,1,#REF!,#REF!,
,,,UNPAID,#REF!,1,#REF!,#REF!,
,,,UNPAID,#REF!,1,#REF!,#REF!,
,,,UNPAID,#REF!,1,#REF!,#REF!,
,,,UNPAID,#REF!,1,#REF!,#REF!,
,,,UNPAID,#REF!,1,#REF!,#REF!,
,,,UNPAID,#REF!,1,#REF!,#REF!,
,,,UNPAID,#REF!,1,#REF!,#REF!,
,,,UNPAID,#REF!,1,#REF!,#REF!,
,,,UNPAID,#REF!,1,#REF!,#REF!,
,,,UNPAID,#REF!,1,#REF!,#REF!,
,,,UNPAID,#REF!,1,#REF!,#REF!,
,,,UNPAID,#REF!,1,#REF!,#REF!,
,,,UNPAID,#REF!,1,#REF!,#REF!,
,,,UNPAID,#REF!,1,#REF!,#REF!,
,,,UNPAID,#REF!,1,#REF!,#REF!,
,,,UNPAID,#REF!,1,#REF!,#REF!,
,,,UNPAID,#REF!,1,#REF!,#REF!,
,,,UNPAID,#REF!,1,#REF!,#REF!,
,,,UNPAID,#REF!,1,#REF!,#REF!,
,,,UNPAID,#REF!,1,#REF!,#REF!,
,,,UNPAID,#REF!,1,#REF!,#REF!,
,,,UNPAID,#REF!,1,#REF!,#REF!,
,,,UNPAID,#REF!,1,#REF!,#REF!,
,,,UNPAID,#REF!,1,#REF!,#REF!,
,,,UNPAID,#REF!,1,#REF!,#REF!,
,,,UNPAID,#REF!,1,#REF!,#REF!,
,,,UNPAID,#REF!,1,#REF!,#REF!,
,,,UNPAID,#REF!,1,#REF!,#REF!,
,,,UNPAID,#REF!,1,#REF!,#REF!,
,,,UNPAID,#REF!,1,#REF!,#REF!,
,,,UNPAID,#REF!,1,#REF!,#REF!,
,,,UNPAID,#REF!,1,#REF!,#REF!,
,,,UNPAID,#REF!,1,#REF!,#REF!,
,,,UNPAID,#REF!,1,#REF!,#REF!,
,,,UNPAID,#REF!,1,#REF!,#REF!,
,,,UNPAID,#REF!,1,#REF!,#REF!,
,,,UNPAID,#REF!,1,#REF!,#REF!,
,,,UNPAID,#REF!,1,#REF!,#REF!,
,,,UNPAID,#REF!,1,#REF!,#REF!,
,,,UNPAID,#REF!,1,#REF!,#REF!,
,,,UNPAID,#REF!,1,#REF!,#REF!,
,,,UNPAID,#REF!,1,#REF!,#REF!,
,,,UNPAID,#REF!,1,#REF!,#REF!,
,,,UNPAID,#REF!,1,#REF!,#REF!,
,,,UNPAID,#REF!,1,#REF!,#REF!,
,,,UNPAID,#REF!,1,#REF!,#REF!,
,,,UNPAID,#REF!,1,#REF!,#REF!,
,,,UNPAID,#REF!,1,#REF!,#REF!,
,,,UNPAID,#REF!,1,#REF!,#REF!,
,,,UNPAID,#REF!,1,#REF!,#REF!,
,,,UNPAID,#REF!,1,#REF!,#REF!,
,,,UNPAID,#REF!,1,#REF!,#REF!,
,,,UNPAID,#REF!,1,#REF!,#REF!,
,,,UNPAID,#REF!,1,#REF!,#REF!,
,,,UNPAID,#REF!,1,#REF!,#REF!,
,,,UNPAID,#REF!,1,#REF!,#REF!,
,,,UNPAID,#REF!,1,#REF!,#REF!,
,,,UNPAID,#REF!,1,#REF!,#REF!,
,,,UNPAID,#REF!,1,#REF!,#REF!,
,,,UNPAID,#REF!,1,#REF!,#REF!,
,,,UNPAID,#REF!,1,#REF!,#REF!,
,,,UNPAID,#REF!,1,#REF!,#REF!,
,,,UNPAID,#REF!,1,#REF!,#REF!,
,,,UNPAID,#REF!,1,#REF!,#REF!,
,,,UNPAID,#REF!,1,#REF!,#REF!,
,,,UNPAID,#REF!,1,#REF!,#REF!,
,,,UNPAID,#REF!,1,#REF!,#REF!,
,,,UNPAID,#REF!,1,#REF!,#REF!,
,,,UNPAID,#REF!,1,#REF!,#REF!,
,,,UNPAID,#REF!,1,#REF!,#REF!,
,,,UNPAID,#REF!,1,#REF!,#REF!,
,,,UNPAID,#REF!,1,#REF!,#REF!,
,,,UNPAID,#REF!,1,#REF!,#REF!,
,,,UNPAID,#REF!,1,#REF!,#REF!,
,,,UNPAID,#REF!,1,#REF!,#REF!,
,,,UNPAID,#REF!,1,#REF!,#REF!,
,,,UNPAID,#REF!,1,#REF!,#REF!,
,,,UNPAID,#REF!,1,#REF!,#REF!,
,,,UNPAID,#REF!,1,#REF!,#REF!,
,,,UNPAID,#REF!,1,#REF!,#REF!,
,,,UNPAID,#REF!,1,#REF!,#REF!,
,,,UNPAID,#REF!,1,#REF!,#REF!,
,,,UNPAID,#REF!,1,#REF!,#REF!,
,,,UNPAID,#REF!,1,#REF!,#REF!,
,,,UNPAID,#REF!,1,#REF!,#REF!,
,,,UNPAID,#REF!,1,#REF!,#REF!,
,,,UNPAID,#REF!,1,#REF!,#REF!,
,,,UNPAID,#REF!,1,#REF!,#REF!,
,,,UNPAID,#REF!,1,#REF!,#REF!,
,,,UNPAID,#REF!,1,#REF!,#REF!,
,,,UNPAID,#REF!,1,#REF!,#REF!,
,,,UNPAID,,1,"$0,00",,
,,,,"$500,00",,,,
,,,,"$1.250,00",,,,
,,,,"$3.000,00",,,,
,,,,"$1.000,00",,,,
,,,,,,,,
,,,,"$2.500,00",,,,
,,,,"$500,00",,,,
,,,,"$1.250,00",,,,
,,,,"$1.000,00",,,,
,,,,"$2.000,00",,,,
,,,,"$12.500,00",,,,
,,,,"$25.000,00",,,,
,,,,"$5.000,00",,,,
,,,,"$250,00",,,,
,,,,"$750,00",,,,
,,,,"$2.000,00",,,,
,,,,"$5.000,00",,,,
,,,,,,,,
,,,,"$8.000,00",,,,
,,,,"$7.500,00",,,,
,,,,"$1.000,00",,,,
,,,,"$1.500,00",,,,
,,,,"$2.000,00",,,,
,,,,"$4.000,00",,,,
,,,,"$500,00",,,,
,,,,"$1.250,00",,,,
,,,,"$500,00",,,,
,,,,"$10.000,00",,,,
,,,,"$300,00",,,,
,,,,"$3.000,00",,,,
,,,,"$10.000,00",,,,
,,,,"$2.500,00",,,,
,,,,"$2.500,00",,,,
,,,,"$300,00",,,,
,,,,"$725,00",,,,
,,,,"$2.500,00",,,,
,,,,"$3.000,00",,,,
,,,,"$3.000,00",,,,
,,,,"$2.500,00",,,,
,,,,"$2.000,00",,,,
,,,,"$3.250,00",,,,
,,,,"$750,00",,,,
,,,,"$7.000,00",,,,
,,,,"$5.000,00",,,,
,,,,"$1.000,00",,,,
,,,,,,,,
,,,,"$10.000,00",,,,
,,,,"$16.000,00",,,,
,,,,"$9.500,00",,,,
,,,,"$17.500,00",,,,
,,,,"$25.000,00",,,,
,,,,"$6.000,00",,,,
,,,,"$125,00",,,,
,,,,"$125,00",,,,
,,,,,,,,
,,,,"$1.000,00",,,,
,,,,"$5.000,00",,,,
,,,,"$2.500,00",,,,
,,,,"$500,00",,,,
,,,,"$1.000,00",,,,
,,,,"$2.000,00",,,,
,,,,"$2.250,00",,,,
,,,,"$3.500,00",,,,
,,,,"$5.000,00",,,,
,,,,,,,,
,,,,"$1.000,00",,,,
,,,,"$3.000,00",,,,
,,,,"$2.500,00",,,,
,,,,"$1.500,00",,,,
,,,,"$3.000,00",,,,
,,,,,,,,
,,,,"$5.000,00",,,,
,,,,"$15.000,00",,,,
,,,,"$40.000,00",,,,
,,,,"$100.000,00",,,,
,,,,"$3.000,00",,,,
,,,,"$3.000,00",,,,
,,,,"$1.500,00",,,,
,,,,"$5.000,00",,,,
,,,,"$2.500,00",,,,
,,,,"$2.500,00",,,,
,,,,"$2.000,00",,,,
,,,,"$1.000,00",,,,
,,,,"$5.000,00",,,,
,,,,,,,,
,,,,"$10.000,00",,,,
,,,,"$5.000,00",,,,
,,,,"$15.000,00",,,,
,,,,"$30.000,00",,,,
,,,,"$20.000,00",,,,
,,,,"$2.500,00",,,,
,,,,"$7.500,00",,,,
,,,,"$10.000,00",,,,
,,,,"$5.000,00",,,,
,,,,"$8.500,00",,,,
,,,,,,,,
,,,,"$1.000,00",,,,
,,,,"$750,00",,,,
,,,,"$1.250,00",,,,
,,,,"$750,00",,,,
,,,,"$1.250,00",,,,
,,,,"$1.750,00",,,,
,,,,"$2.000,00",,,,
,,,,"$1.500,00",,,,
,,,,"$1.000,00",,,,
,,,,"$250,00",,,,
,,,,"$5.000,00",,,,
,,,,"$3.500,00",,,,
,,,,,,,,
,,,,"$300,00",,,,
,,,,"$220,00",,,,
,,,,"$400,00",,,,
,,,,"$200,00",,,,
,,,,"$300,00",,,,
,,,,"$450,00",,,,
,,,,"$400,00",,,,
,,,,"$200,00",,,,
,,,,"$500,00",,,,
,,,,"$180,00",,,,
,,,,"$150,00",,,,
,,,,"$150,00",,,,
,,,,"$900,00",,,,
,,,,"$3.500,00",,,,
,,,,,,,,
,,,,"$25,00",,,,
,,,,"$35,00",,,,
,,,,"$50,00",,,,
,,,,"$50,00",,,,
,,,,"$20,00",,,,
,,,,"$15,00",,,,
,,,,"$50,00",,,,
,,,,"$30,00",,,,
,,,,"$25,00",,,,
,,,,"$80,00",,,,
,,,,"$100,00",,,,
,,,,"$35,00",,,,
,,,,"$35,00",,,,
,,,,"$12,00",,,,
,,,,"$10,00",,,,
,,,,"$5,00",,,,
,,,,"$25,00",,,,
,,,,"$50,00",,,,
,,,,,,,,
,,,,"$10,00",,,,
,,,,"$10,00",,,,
,,,,"$18,00",,,,
,,,,"$12,00",,,,
,,,,"$100,00",,,,
,,,,"$40,00",,,,
,,,,"$40,00",,,,
,,,,"$40,00",,,,
,,,,"$50,00",,,,
,,,,"$15,00",,,,
,,,,,,,,
,,,,"$500,00",,,,
,,,,"$3.000,00",,,,
,,,,"$2.000,00",,,,
,,,,"$2.500,00",,,,
,,,,"$1.000,00",,,,
,,,,"$1.500,00",,,,
,,,,"$2.500,00",,,,
,,,,"$1.250,00",,,,
,,,,,,,,
,,,,"$200,00",,,,
,,,,"$1.000,00",,,,
,,,,"$750,00",,,,
,,,,"$1.000,00",,,,
,,,,"$750,00",,,,
,,,,"$500,00",,,,
,,,,"$1.000,00",,,,
,,,,"$400,00",,,,
,,,,,,,,
,,,,"$2.500,00",,,,
,,,,"$1.500,00",,,,
,,,,"$2.000,00",,,,
,,,,"$2.500,00",,,,
,,,,"$3.000,00",,,,
,,,,"$1.750,00",,,,
,,,,"$2.000,00",,,,
,,,,"$1.000,00",,,,
,,,,"$1.000,00",,,,
,,,,"$3.500,00",,,,
,,,,"$1.750,00",,,,
,,,,"$1.000,00",,,,
,,,,"$500,00",,,,
,,,,,,,,
,,,,"$3.450,00",,,,
,,,,"$5.000,00",,,,
,,,,"$2.000,00",,,,
,,,,"$2.500,00",,,,
,,,,"$1.000,00",,,,
,,,,"$500,00",,,,
,,,,"$500,00",,,,
,,,,"$500,00",,,,
,,,,,,,,
,,,,"$350,00",,,,
,,,,"$1.500,00",,,,
,,,,"$2.000,00",,,,
,,,,"$550,00",,,,
,,,,"$400,00",,,,
,,,,"$1.000,00",,,,
,,,,"$200,00",,,,
,,,,"$85,00",,,,
,,,,"$25,00",,,,
,,,,"$1.000,00",,,,
,,,,"$90,00",,,,
,,,,"$180,00",,,,
,,,,"$115,00",,,,
,,,,"$565,00",,,,
,,,,"$20,00",,,,
,,,,"$2.250,00",,,,
,,,,"$3.000,00",,,,
,,,,"$25,00",,,,
,,,,"$5.150,00",,,,
,,,,"$115,00",,,,
,,,,"$225,00",,,,
,,,,"$500,00",,,,
,,,,"$10,00",,,,
,,,,"$235,00",,,,
,,,,"$50,00",,,,
,,,,"$640,00",,,,
,,,,"$15,00",,,,
,,,,"$850,00",,,,
,,,,"$50,00",,,,
,,,,"$3.000,00",,,,
,,,,"$1.000,00",,,,
,,,,"$1.000,00",,,,
,,,,,,,,
,,,,"$50,00",,,,
,,,,"$16,00",,,,
,,,,"$2.000,00",,,,
,,,,"$50,00",,,,
,,,,"$15,00",,,,
,,,,"$32,50",,,,
,,,,"$200,00",,,,
,,,,"$225,00",,,,
,,,,"$450,00",,,,
,,,,"$65,00",,,,
,,,,,,,,
,,,,"$37,50",,,,
,,,,"$50,00",,,,
,,,,"$250,00",,,,
,,,,"$1.150,00",,,,
,,,,"$5.000,00",,,,
,,,,"$50,00",,,,
,,,,"$35,00",,,,
,,,,"$150,00",,,,
,,,,,,,,
,,,,"$200,00",,,,
,,,,"$100,00",,,,
,,,,"$500,00",,,,
,,,,"$2.500,00",,,,
,,,,"$40,00",,,,
,,,,"$86,00",,,,
,,,,"$1.200,00",,,,
,,,,"$150,00",,,,
,,,,"$106,00",,,,
,,,,"$1.250,00",,,,
,,,,,,,,
,,,,"$50,00",,,,
,,,,"$15,00",,,,
,,,,"$325,00",,,,
,,,,"$50,00",,,,
,,,,"$125,00",,,,
,,,,"$75,00",,,,
,,,,"$1.100,00",,,,
,,,,"$250,00",,,,
,,,,"$200,00",,,,
,,,,"$275,00",,,,
,,,,"$2.500,00",,,,
,,,,"$4.000,00",,,,
,,,,,,,,
,,,,"$1.000,00",,,,
,,,,"$1.250,00",,,,
,,,,"$1.250,00",,,,
,,,,"$750,00",,,,
,,,,"$2.250,00",,,,
,,,,"$17,00",,,,
,,,,"$300,00",,,,
,,,,"$500,00",,,,
,,,,"$100,00",,,,
,,,,"$100,00",,,,
,,,,"$200,00",,,,
,,,,"$250,00",,,,
,,,,"$1.350,00",,,,
,,,,"$250,00",,,,
,,,,"$40,00",,,,
,,,,"$100,00",,,,
,,,,"$50,00",,,,
,,,,"$500,00",,,,
,,,,,,,,
,,,,,,,,
,,,,,,,,
,,,,"$250,00",,,,
,,,,"$200,00",,,,
,,,,"$250,00",,,,
,,,,"$400,00",,,,
,,,,"$50,00",,,,
,,,,"$250,00",,,,
,,,,"$500,00",,,,
,,,,"$1.000,00",,,,
,,,,"$100,00",,,,
,,,,"$250,00",,,,
,,,,"$350,00",,,,
,,,,"$300,00",,,,
,,,,"$350,00",,,,
,,,,"$500,00",,,,
,,,,"$35,00",,,,
,,,,"$50,00",,,,
,,,,"$175,00",,,,
,,,,"$5.000,00",,,,
,,,,"$2.500,00",,,,
,,,,"$1.250,00",,,,
,,,,,,,,
,,,,,,,,
,,,,"$50,00",,,,
,,,,"$50,00",,,,
,,,,"$300,00",,,,
,,,,"$500,00",,,,
,,,,"$525,00",,,,
,,,,"$5.000,00",,,,
,,,,"$5.050,00",,,,
,,,,"$5.050,00",,,,
,,,,,,,,
,,,,"$350,00",,,,
,,,,"$400,00",,,,
,,,,"$100,00",,,,
,,,,"$1,00",,,,
,,,,"$3,50",,,,
,,,,"$5,00",,,,
,,,,"$7,50",,,,
,,,,"$8,50",,,,
,,,,"$10,00",,,,
,,,,"$250,00",,,,
,,,,"$10,00",,,,
,,,,"$75,00",,,,
,,,,"$225,00",,,,
,,,,"$750,00",,,,
,,,,,,,,
,,,,"$3.000,00",,,,
,,,,"$500,00",,,,
,,,,"$500,00",,,,
,,,,"$350,00",,,,
,,,,"$500,00",,,,
,,,,"$100,00",,,,
,,,,"$600,00",,,,
,,,,"$125,00",,,,
,,,,"$125,00",,,,
,,,,"$2.500,00",,,,
,,,,"$215,00",,,,
,,,,"$250,00",,,,
,,,,"$250,00",,,,
,,,,"$3.000,00",,,,
,,,,"$3.250,00",,,,
,,,,"$2.500,00",,,,
,,,,"$2.500,00",,,,
,,,,"$2.500,00",,,,
,,,,"$550,00",,,,
,,,,"$350,00",,,,
,,,,,,,,
,,,,"$216,00",,,,
,,,,"$250,00",,,,
,,,,"$2.500,00",,,,
,,,,"$500,00",,,,
,,,,"$100,00",,,,
,,,,"$1.200,00",,,,
,,,,"$1.728,00",,,,
,,,,"$2.764,80",,,,
,,,,"$1.000,00",,,,
,,,,"$3.000,00",,,,
,,,,"$3.500,00",,,,
,,,,"$5.000,00",,,,
,,,,"$1.100,00",,,,
,,,,"$1.000,00",,,,